,session_id,participant_id,status,started_datetime,completed_date_time,time_taken,age,num_approvals,num_rejections,prolific_score,reviewed_at_datetime,entered_code,Country of Birth,Current Country of Residence,Employment Status,First Language,Nationality,Sex,Student Status,wid
0,5fe24915e5e631dcaf2b0fee,REDACTED,APPROVED,2020-12-22 19:29:29.275000,2020-12-22 19:40:38.937000,669.6619999999999,30.0,491,0,100,2020-12-23 19:08:53.115000,5CDB1520,United States,United States,DATA EXPIRED,English,United States,Female,DATA EXPIRED,w29084d3
1,5fe24acaf314ef5d58bea147,REDACTED,APPROVED,2020-12-22 19:36:42.774000,2020-12-22 20:02:10.581000,1527.807,31.0,195,2,99,2020-12-23 19:08:58.432000,5CDB1520,United States,Poland,DATA EXPIRED,DATA EXPIRED,United States,Male,DATA EXPIRED,wb6c78df
2,5fe24b6b539a38ddf99d2406,REDACTED,RETURNED,2020-12-22 19:39:30.477000,,34657501.10823,28.0,296,1,100,,,CONSENT REVOKED,CONSENT REVOKED,CONSENT REVOKED,CONSENT REVOKED,CONSENT REVOKED,CONSENT REVOKED,CONSENT REVOKED,w149c845
3,5fe24d878929f0df4d36d232,REDACTED,APPROVED,2020-12-22 19:48:33.120000,2020-12-22 20:08:28.182000,1195.062,34.0,1295,0,100,2020-12-23 19:09:02.311000,5CDB1520,United States,United States,Full-Time,English,United States,Female,No,wf66039d
4,5fe24e736bfb63d893b9dc07,REDACTED,APPROVED,2020-12-22 19:52:22.881000,2020-12-22 20:04:03.205000,700.324,20.0,248,0,100,2020-12-23 19:09:07.987000,5CDB1520,United States,United States,DATA EXPIRED,English,United States,Male,DATA EXPIRED,wd55ecf6
5,5fe24ebcc39215de91efb67c,REDACTED,RETURNED,2020-12-22 19:53:38.869000,,34656652.758321,19.0,7,0,100,,,CONSENT REVOKED,CONSENT REVOKED,CONSENT REVOKED,CONSENT REVOKED,CONSENT REVOKED,CONSENT REVOKED,CONSENT REVOKED,wbbb4054
6,5fe24ed2e5e631de8a6c8ae3,REDACTED,APPROVED,2020-12-22 19:53:58.208000,2020-12-22 20:07:07.796000,789.5880000000001,28.0,871,3,100,2020-12-23 19:09:12.313000,5CDB1520,United States,Denmark,Other,DATA EXPIRED,United States,Female,Yes,wee76dde
7,5fe24f5412f16cde29961c50,REDACTED,RETURNED,2020-12-22 19:56:09.164000,,34656502.496598996,48.0,86,0,100,,,CONSENT REVOKED,CONSENT REVOKED,CONSENT REVOKED,CONSENT REVOKED,CONSENT REVOKED,CONSENT REVOKED,CONSENT REVOKED,wd4ae8c4
8,5fe24f601d6cb4dfb5a11420,REDACTED,RETURNED,2020-12-22 19:56:19.116000,,34656492.558703996,22.0,43,0,100,,,CONSENT REVOKED,CONSENT REVOKED,CONSENT REVOKED,CONSENT REVOKED,CONSENT REVOKED,CONSENT REVOKED,CONSENT REVOKED,waafc108
9,5fe24f84b939eddf90f0c834,REDACTED,APPROVED,2020-12-22 19:56:59.986000,2020-12-22 20:25:25.461000,1705.475,26.0,38,1,95,2020-12-23 19:09:17.772000,5CDB1520,United States,United States,DATA EXPIRED,English,United States,Female,DATA EXPIRED,wec6f49d
10,5fe24f8bea17f85e5d27983e,REDACTED,APPROVED,2020-12-22 19:57:03.299000,2020-12-22 20:24:41.726000,1658.4270000000001,32.0,171,0,100,2020-12-23 19:09:21.498000,5CDB1520,United States,United States,DATA EXPIRED,English,United States,Female,DATA EXPIRED,w948e05f
11,5fe24fd13cc53cde38d3ac18,REDACTED,APPROVED,2020-12-22 19:58:14.410000,2020-12-22 20:16:15.459000,1081.049,52.0,214,1,100,2020-12-23 19:09:25.178000,5CDB1520,United States,United States,Part-Time,English,United States,Female,No,w57ce93c
12,5fe24ff4dfcbb9df83231f7f,REDACTED,APPROVED,2020-12-22 19:58:52.088000,2020-12-22 20:19:27.248000,1235.16,20.0,45,0,100,2020-12-23 19:09:28.989000,5CDB1520,United States,United Kingdom,DATA EXPIRED,English,United States,Female,DATA EXPIRED,w1779f0a
13,5fe2536e9568d5d9a9a32164,REDACTED,APPROVED,2020-12-22 20:13:37.985000,2020-12-22 20:40:31.172000,1613.1870000000001,26.0,107,0,100,2020-12-23 19:09:32.611000,5CDB1520,United States,United States,DATA EXPIRED,Spanish,United States,Female,DATA EXPIRED,w6ed0b32
14,5fe25e31c2bdebe1c531220e,REDACTED,APPROVED,2020-12-22 20:59:29.834000,2020-12-22 21:21:01.116000,1291.282,23.0,429,2,99,2020-12-23 19:09:36.738000,5CDB1520,United States,Poland,Unemployed (and job seeking),English,United States,Male,No,w2dc1038
15,5fe25e3723b19be0ef056972,REDACTED,RETURNED,2020-12-22 20:59:38.370000,,34652693.434847996,19.0,563,2,100,,,CONSENT REVOKED,CONSENT REVOKED,CONSENT REVOKED,CONSENT REVOKED,CONSENT REVOKED,CONSENT REVOKED,CONSENT REVOKED,wf13d89c
16,5fe25e4d559f43e2e04bc4b7,REDACTED,REJECTED,2020-12-22 21:00:00.313000,2020-12-22 21:02:56.174000,175.861,32.0,207,3,99,2020-12-22 22:00:47.968000,NOCODE,Peru,United States,DATA EXPIRED,DATA EXPIRED,United States,Female,DATA EXPIRED,w3de9b43
17,5fe25e59eb5270e18a8beec3,REDACTED,APPROVED,2020-12-22 21:00:13.612000,2020-12-22 21:20:58.355000,1244.743,37.0,659,1,100,2020-12-23 19:09:40.644000,5CDB1520,United States,United States,Full-Time,English,United States,Male,No,w913329e
18,5fe25e63559f43e2e04bc4b8,REDACTED,APPROVED,2020-12-22 21:00:29.036000,2020-12-22 21:14:58.983000,869.947,34.0,27,0,100,2020-12-23 19:09:45.844000,5CDB1520,United Kingdom,United States,DATA EXPIRED,English,United States,Female,DATA EXPIRED,w0c514a6
19,5fe25e8defea40dc7c75fe79,REDACTED,APPROVED,2020-12-22 21:01:05.814000,2020-12-22 21:18:06.810000,1020.9960000000001,33.0,1715,1,100,2020-12-23 19:09:48.897000,5CDB1520,United States,United States,Full-Time,English,United States,Female,DATA EXPIRED,wca51156
20,5fe25f0a6079e1dd269ee3aa,REDACTED,APPROVED,2020-12-22 21:03:10.375000,2020-12-22 21:17:43.276000,872.9010000000001,36.0,415,0,100,2020-12-23 19:09:55.848000,5CDB1520,United States,United States,DATA EXPIRED,English,United States,Female,DATA EXPIRED,wed508e8
21,5fe25f1fd1340ce1dd0979a5,REDACTED,APPROVED,2020-12-22 21:03:32.601000,2020-12-22 21:25:55.523000,1342.922,23.0,753,8,98,2020-12-23 19:09:59.805000,5CDB1520,United States,Czech Republic,Full-Time,DATA EXPIRED,United States,Male,Yes,w5c9c2c5
22,5fe25f25eae543e288684b2a,REDACTED,APPROVED,2020-12-22 21:03:36.963000,2020-12-22 21:18:28.522000,891.559,33.0,449,0,100,2020-12-23 19:10:04.208000,5CDB1520,United States,United States,DATA EXPIRED,English,United States,Female,DATA EXPIRED,w81239ce
23,5fe25f5d50c73de294e99728,REDACTED,APPROVED,2020-12-22 21:04:31.428000,2020-12-22 21:19:05.806000,874.378,21.0,164,0,100,2020-12-23 19:10:08.562000,5CDB1520,United States,United States,Full-Time,Chinese,United States,Female,Yes,w70a342c
24,5fe25f73dfad15e21dbfe2ce,REDACTED,APPROVED,2020-12-22 21:04:57.260000,2020-12-22 21:27:43.010000,1365.75,27.0,283,0,100,2020-12-23 19:10:11.892000,5CDB1520,United States,Spain,DATA EXPIRED,DATA EXPIRED,United States,Female,DATA EXPIRED,wd0f2ebc
25,5fe25f9aece28c610c42ecf2,REDACTED,APPROVED,2020-12-22 21:05:46.361000,2020-12-22 21:21:53.003000,966.6419999999999,25.0,354,4,98,2020-12-23 19:10:15.864000,5CDB1520,Israel,Germany,DATA EXPIRED,Hebrew,United States,Female,DATA EXPIRED,wd6991ba
26,5fe25fa2c2bdebe1c531221d,REDACTED,RETURNED,2020-12-22 21:10:25.950000,,34652046.022016,25.0,132,2,98,,,CONSENT REVOKED,CONSENT REVOKED,CONSENT REVOKED,CONSENT REVOKED,CONSENT REVOKED,CONSENT REVOKED,CONSENT REVOKED,w023e936
27,5fe25fadadf33261d17f7ba8,REDACTED,RETURNED,2020-12-22 21:05:53.194000,,34652318.798621,58.0,107,3,93,,,CONSENT REVOKED,CONSENT REVOKED,CONSENT REVOKED,CONSENT REVOKED,CONSENT REVOKED,CONSENT REVOKED,CONSENT REVOKED,w8f4505c
28,5fe260326903be61fe5cd833,REDACTED,APPROVED,2020-12-22 21:08:06.734000,2020-12-22 21:25:33.540000,1046.806,20.0,134,1,99,2020-12-23 19:10:19.555000,5CDB1520,United States,United States,Part-Time,English,United States,Female,DATA EXPIRED,wa3a1f97
29,5fe2603429598a60f4f354f4,REDACTED,APPROVED,2020-12-22 21:08:08.330000,2020-12-22 21:10:41.635000,153.305,,609,13,94,2020-12-23 19:10:23.029000,5CDB1520,DATA EXPIRED,DATA EXPIRED,DATA EXPIRED,DATA EXPIRED,DATA EXPIRED,DATA EXPIRED,DATA EXPIRED,w9274a35
30,5fe26034a53c57e30b678257,REDACTED,APPROVED,2020-12-22 21:08:14.296000,2020-12-22 21:36:30.030000,1695.734,70.0,702,0,100,2020-12-23 19:10:27.724000,5CDB1520,United States,United States,"Not in paid work (e.g. homemaker', 'retired or disabled)",English,United States,Female,No,w4deb07d
31,5fe2605ebd6f23e23512f7f4,REDACTED,RETURNED,2020-12-22 21:08:50.458000,,34652141.602542,51.0,861,4,100,,,CONSENT REVOKED,CONSENT REVOKED,CONSENT REVOKED,CONSENT REVOKED,CONSENT REVOKED,CONSENT REVOKED,CONSENT REVOKED,wa8f7db4
32,5fe26078e766bbe3290c172b,REDACTED,APPROVED,2020-12-22 21:09:16,2020-12-22 21:23:21.061000,845.061,25.0,522,2,100,2020-12-23 19:10:30.811000,5CDB1520,United States,United States,Unemployed (and job seeking),English,United States,Female,No,w5a8f36e
33,5fe2607a2178d1e287b0fbfd,REDACTED,RETURNED,2020-12-22 21:09:20.849000,,34652111.23942199,21.0,369,2,99,,,CONSENT REVOKED,CONSENT REVOKED,CONSENT REVOKED,CONSENT REVOKED,CONSENT REVOKED,CONSENT REVOKED,CONSENT REVOKED,w5ac0bed
34,5fe26087f8f724612f648efa,REDACTED,REJECTED,2020-12-22 21:09:45.672000,2020-12-22 21:10:57.750000,72.078,47.0,33,1,98,2020-12-22 21:58:38.556000,NOCODE,DATA EXPIRED,United States,DATA EXPIRED,DATA EXPIRED,United States,Male,DATA EXPIRED,wb0d8431
35,5fe26092e7fadbe340766a40,REDACTED,APPROVED,2020-12-22 21:09:43.360000,2020-12-22 21:33:31.568000,1428.2079999999999,24.0,606,5,99,2020-12-23 19:10:35.165000,5CDB1520,United States,United States,DATA EXPIRED,English,United States,Male,DATA EXPIRED,w47ee755
36,5fe260a8827f81dffaf44d01,REDACTED,RETURNED,2020-12-22 21:10:21.666000,,34652050.465368,,80,1,99,,,CONSENT REVOKED,CONSENT REVOKED,CONSENT REVOKED,CONSENT REVOKED,CONSENT REVOKED,CONSENT REVOKED,CONSENT REVOKED,w259d20c
37,5fe260a9341f42dd7892d017,REDACTED,APPROVED,2020-12-22 21:10:01.374000,2020-12-22 21:40:07.985000,1806.611,49.0,509,2,100,2020-12-23 19:10:39.376000,5CDB1520,United States,United States,DATA EXPIRED,English,United States,Female,DATA EXPIRED,we3bbf99
38,5fe260b704a1dfe2b1179303,REDACTED,TIMED-OUT,2020-12-22 21:10:18.019000,,34652054.160271004,51.0,1359,7,99,,,United States,United States,Full-Time,English,United States,Female,No,wc740ab6
39,5fe260b9a5df2de3c9c7ed21,REDACTED,RETURNED,2020-12-22 21:14:05.113000,,34651827.081754,19.0,249,0,100,,,CONSENT REVOKED,CONSENT REVOKED,CONSENT REVOKED,CONSENT REVOKED,CONSENT REVOKED,CONSENT REVOKED,CONSENT REVOKED,w69186ba
40,5fe260bad71cab616cd448c4,REDACTED,APPROVED,2020-12-22 21:10:21.946000,2020-12-22 21:47:58.351000,2256.405,28.0,36,1,96,2020-12-23 19:10:43.093000,5CDB1520,United States,United States,DATA EXPIRED,English,United States,Female,DATA EXPIRED,waa1d457
41,5fe260ccafc8a560951b9648,REDACTED,APPROVED,2020-12-22 21:10:36.180000,2020-12-22 21:33:27.032000,1370.852,26.0,344,1,100,2020-12-23 19:10:47.479000,5CDB1520,United States,Mexico,Unemployed (and job seeking),Spanish,United States,Male,DATA EXPIRED,wf8c2cb3
42,5fe26105bf7c82e231249fed,REDACTED,APPROVED,2020-12-22 21:11:36.642000,2020-12-22 21:21:42.811000,606.169,34.0,99,0,100,2020-12-23 19:10:50.595000,5CDB1520,United States,United States,DATA EXPIRED,English,United States,DATA EXPIRED,DATA EXPIRED,w34e79d9
43,5fe261365312cae2226f6920,REDACTED,APPROVED,2020-12-22 21:12:26.449000,2020-12-22 21:18:05.327000,338.87800000000004,39.0,1818,4,100,2020-12-23 19:10:53.811000,5CDB1520,United States,United States,Full-Time,English,United States,Female,No,w75ffec0
44,5fe2614aa85a2461f99c1762,REDACTED,APPROVED,2020-12-22 21:12:45.527000,2020-12-22 21:24:46.400000,720.873,26.0,468,0,100,2020-12-23 19:11:00.639000,5CDB1520,United States,United States,DATA EXPIRED,English,United States,Female,DATA EXPIRED,wda903a4
45,5fe26150efea40dcf0f344ea,REDACTED,RETURNED,2020-12-22 21:12:51.422000,,34651900.864908,25.0,1746,11,99,,,CONSENT REVOKED,CONSENT REVOKED,CONSENT REVOKED,CONSENT REVOKED,CONSENT REVOKED,CONSENT REVOKED,CONSENT REVOKED,w449b011
46,5fe2618b0a5e7fe302e2625c,REDACTED,RETURNED,2020-12-22 21:13:53.046000,,34651839.254603006,41.0,880,1,100,,,CONSENT REVOKED,CONSENT REVOKED,CONSENT REVOKED,CONSENT REVOKED,CONSENT REVOKED,CONSENT REVOKED,CONSENT REVOKED,wf9a3acd
47,5fe261a6adaa09e2b14b0cf2,REDACTED,APPROVED,2020-12-22 21:14:17.105000,2020-12-22 21:33:46.303000,1169.198,33.0,176,2,100,2020-12-22 22:02:55.486000,NOCODE,United States,United States,DATA EXPIRED,English,United States,Female,DATA EXPIRED,wb5898ba
48,5fe261b370d17461f226d7a2,REDACTED,RETURNED,2020-12-22 21:14:53.838000,,34651778.490319,46.0,907,1,100,,,CONSENT REVOKED,CONSENT REVOKED,CONSENT REVOKED,CONSENT REVOKED,CONSENT REVOKED,CONSENT REVOKED,CONSENT REVOKED,w26201c8
49,5fe261b53803bbe25e3e431d,REDACTED,APPROVED,2020-12-22 21:14:58.162000,2020-12-22 21:34:42.066000,1183.904,33.0,545,2,100,2020-12-23 19:11:04.750000,5CDB1520,United States,United States,DATA EXPIRED,English,United States,Female,DATA EXPIRED,w9246750
50,5fe261d5f314ef622a0e654e,REDACTED,APPROVED,2020-12-22 21:15:13.835000,2020-12-22 21:32:59.631000,1065.796,52.0,1109,1,100,2020-12-23 19:11:08.817000,5CDB1520,United States,United States,Full-Time,English,United States,Female,No,w52bbc91
51,5fe261ed5474cde1ac6d52ad,REDACTED,APPROVED,2020-12-22 21:16:48.274000,2020-12-22 22:05:46.660000,2938.386,46.0,44,1,96,2020-12-23 19:11:14.358000,5CDB1520,United States,United States,DATA EXPIRED,English,United States,Male,DATA EXPIRED,w3de24b8
52,5fe261f4d1340ce43acfa453,REDACTED,REJECTED,2020-12-22 21:15:37.538000,2020-12-22 21:16:57.731000,80.193,52.0,1113,13,97,2020-12-22 22:01:15.897000,NOCODE,United States,United States,DATA EXPIRED,English,United States,Female,DATA EXPIRED,w4eb1481
53,5fe2620470d17461640b587e,REDACTED,RETURNED,2020-12-22 21:15:52.771000,,34651719.631753005,32.0,28,1,100,,,CONSENT REVOKED,CONSENT REVOKED,CONSENT REVOKED,CONSENT REVOKED,CONSENT REVOKED,CONSENT REVOKED,CONSENT REVOKED,wd1901c8
54,5fe2620c83f6afdc766108fc,REDACTED,RETURNED,2020-12-22 21:15:56.424000,,34651715.991504,21.0,566,10,96,,,CONSENT REVOKED,CONSENT REVOKED,CONSENT REVOKED,CONSENT REVOKED,CONSENT REVOKED,CONSENT REVOKED,CONSENT REVOKED,wfc6c38d
55,5fe2620d50c73de21b8c60ab,REDACTED,APPROVED,2020-12-22 21:17:23.640000,2020-12-22 21:43:22.792000,1559.152,26.0,1880,33,96,2020-12-23 19:11:17.548000,5CDB1520,United States,United States,Part-Time,DATA EXPIRED,United States,Male,DATA EXPIRED,wdd08e68
56,5fe26226559f43e3d718967c,REDACTED,APPROVED,2020-12-22 21:16:22.835000,2020-12-22 21:21:36.467000,313.632,24.0,616,11,95,2020-12-23 19:11:23.944000,5CDB1520,United States,Poland,Unemployed (and job seeking),Polish,United States,Female,Yes,we5637cb
57,5fe262295312cae2226f6929,REDACTED,APPROVED,2020-12-22 21:16:27.644000,2020-12-22 21:32:34.501000,966.857,23.0,553,4,99,2020-12-23 19:11:27.490000,5CDB1520,United States,United States,DATA EXPIRED,English,United States,Female,DATA EXPIRED,w270f2e8
58,5fe262388d3c666156752a63,REDACTED,APPROVED,2020-12-22 21:16:42.848000,2020-12-22 21:30:12.649000,809.801,30.0,642,4,99,2020-12-23 19:11:31.954000,5CDB1520,United States,United States,Part-Time,English,United States,Male,No,w607e62a
59,5fe2624d657659de818db195,REDACTED,APPROVED,2020-12-22 21:17:03.448000,2020-12-22 21:37:27.131000,1223.683,29.0,1332,3,100,2020-12-23 19:11:36.094000,5CDB1520,United States,United States,Full-Time,English,United States,Female,DATA EXPIRED,wf34583e
60,5fe26258bc6802e2da734d8c,REDACTED,APPROVED,2020-12-22 21:17:17.446000,2020-12-22 21:35:40.520000,1103.0739999999998,39.0,569,3,100,2020-12-23 19:11:42.274000,5CDB1520,United States,United States,DATA EXPIRED,English,United States,Male,DATA EXPIRED,wcc7a946
61,5fe26294657659de818db199,REDACTED,RETURNED,2020-12-22 21:19:14.045000,2020-12-22 22:14:04.191000,3290.1459999999997,46.0,44,2,92,,5CDB1520,CONSENT REVOKED,CONSENT REVOKED,CONSENT REVOKED,CONSENT REVOKED,CONSENT REVOKED,CONSENT REVOKED,CONSENT REVOKED,w39f6771
62,5fe262962234a6e1d6d06e50,REDACTED,APPROVED,2020-12-22 21:18:19.337000,2020-12-22 21:39:55.690000,1296.353,38.0,306,0,100,2020-12-23 19:11:46.843000,5CDB1520,United States,United States,Full-Time,English,United States,Female,No,wf0873d8
63,5fe262a0bf9ae4e23d2ab2c4,REDACTED,APPROVED,2020-12-22 21:18:27.153000,2020-12-22 21:31:45.871000,798.7180000000001,23.0,502,0,100,2020-12-23 19:11:49.976000,5CDB1520,United States,United States,DATA EXPIRED,English,United States,Male,Yes,w5ff679d
64,5fe262c1469109e15cd35af5,REDACTED,APPROVED,2020-12-22 21:19:01.489000,2020-12-22 21:35:58.699000,1017.21,21.0,167,0,100,2020-12-23 19:11:53.183000,5CDB1520,United States,United States,"Not in paid work (e.g. homemaker', 'retired or disabled)",Chinese,United States,Female,Yes,wf29d694
65,5fe262c63803bbe25e3e4324,REDACTED,APPROVED,2020-12-22 21:19:06.176000,2020-12-22 21:34:55.492000,949.316,41.0,1796,5,100,2020-12-23 19:11:56.723000,5CDB1520,United States,United States,DATA EXPIRED,English,United States,Female,DATA EXPIRED,w57829cc
66,5fe262d0069e3bdce2024868,REDACTED,APPROVED,2020-12-22 21:19:12.750000,2020-12-22 21:39:49.982000,1237.232,20.0,473,0,100,2020-12-23 19:12:02.505000,5CDB1520,United States,United States,Full-Time,English,United States,Female,Yes,w5fd8907
67,5fe262de8929f0e2b0592eee,REDACTED,RETURNED,2020-12-22 21:19:31.636000,,34651500.991591,22.0,409,2,100,,,CONSENT REVOKED,CONSENT REVOKED,CONSENT REVOKED,CONSENT REVOKED,CONSENT REVOKED,CONSENT REVOKED,CONSENT REVOKED,wad53a7c
68,5fe262e6657659de0d8e823c,REDACTED,RETURNED,2020-12-22 21:19:43.940000,,34651488.706946,31.0,749,5,99,,,CONSENT REVOKED,CONSENT REVOKED,CONSENT REVOKED,CONSENT REVOKED,CONSENT REVOKED,CONSENT REVOKED,CONSENT REVOKED,wf6ddc18
69,5fe262fd8ac182dcda19e3a2,REDACTED,APPROVED,2020-12-22 21:21:44.227000,2020-12-22 21:41:59.133000,1214.906,20.0,546,4,100,2020-12-23 19:12:06.341000,5CDB1520,United States,United States,Unemployed (and job seeking),English,United States,Female,Yes,wf452bc6
70,5fe26317bc4c4de224962df5,REDACTED,APPROVED,2020-12-22 21:20:22.972000,2020-12-22 21:29:08.713000,525.741,23.0,548,10,96,2020-12-23 19:12:10.214000,5CDB1520,United States,United States,Part-Time,English,United States,Male,Yes,w7006c6f
71,5fe2631a9568d5dcc945f167,REDACTED,APPROVED,2020-12-22 21:20:28.627000,2020-12-22 21:44:49.907000,1461.28,22.0,280,1,100,2020-12-23 19:12:14.175000,5CDB1520,United States,United States,DATA EXPIRED,English,United States,Female,DATA EXPIRED,w29ce687
72,5fe26343cfa055616c9c1a26,REDACTED,APPROVED,2020-12-22 21:21:11.215000,2020-12-22 21:43:23.126000,1331.911,32.0,363,1,100,2020-12-23 19:12:17.839000,5CDB1520,United States,United States,DATA EXPIRED,English,United States,Male,DATA EXPIRED,w7633c56
73,5fe263540a5e7fe302e26260,REDACTED,RETURNED,2020-12-22 21:21:32.161000,,34651380.560058005,52.0,29,2,92,,,CONSENT REVOKED,CONSENT REVOKED,CONSENT REVOKED,CONSENT REVOKED,CONSENT REVOKED,CONSENT REVOKED,CONSENT REVOKED,wb330404
74,5fe2635a83f6afdc76610908,REDACTED,APPROVED,2020-12-22 21:21:33.008000,2020-12-22 21:28:15.400000,402.392,21.0,506,11,95,2020-12-23 19:12:22.190000,5CDB1520,Korea,United States,DATA EXPIRED,English,United States,Male,DATA EXPIRED,w1ab665a
75,5fe2637d46872edc98d6a2f9,REDACTED,APPROVED,2020-12-22 21:22:24.799000,2020-12-22 21:42:09.390000,1184.5910000000001,33.0,97,1,100,2020-12-23 19:12:26.124000,5CDB1520,United States,United States,DATA EXPIRED,English,United States,Female,DATA EXPIRED,w9367a9d
76,5fe2637d8929f0e39737aeb2,REDACTED,APPROVED,2020-12-22 21:22:07.857000,2020-12-22 21:51:01.014000,1733.1570000000002,20.0,164,2,100,2020-12-23 19:12:29.108000,5CDB1520,United States,United States,DATA EXPIRED,Vietnamese,United States,Male,DATA EXPIRED,w906c314
77,5fe26381adf332624e2aa1d4,REDACTED,APPROVED,2020-12-22 21:22:23.612000,2020-12-22 21:49:15.588000,1611.976,27.0,54,1,100,2020-12-23 19:12:32.523000,5CDB1520,United States,United States,DATA EXPIRED,English,United States,Female,DATA EXPIRED,wf49859f
78,5fe26394dd8cf1dc45129b5d,REDACTED,APPROVED,2020-12-22 21:22:28.326000,2020-12-22 21:54:35.762000,1927.4360000000001,38.0,823,4,100,2020-12-23 19:12:35.882000,5CDB1520,United States,United States,DATA EXPIRED,DATA EXPIRED,United States,Male,DATA EXPIRED,w3b4da92
79,5fe263b229598a61ef944bcd,REDACTED,APPROVED,2020-12-22 21:23:03.720000,2020-12-22 21:56:22.118000,1998.398,28.0,203,0,100,2020-12-23 19:12:39.220000,5CDB1520,DATA EXPIRED,DATA EXPIRED,DATA EXPIRED,Spanish,United States,Male,DATA EXPIRED,wc508460
80,5fe263bfa4d824e19b078469,REDACTED,RETURNED,2020-12-22 21:23:13.242000,,34651279.579277,22.0,13,1,96,,,CONSENT REVOKED,CONSENT REVOKED,CONSENT REVOKED,CONSENT REVOKED,CONSENT REVOKED,CONSENT REVOKED,CONSENT REVOKED,w160fefb
81,5fe263cec9707dde5a4e0bef,REDACTED,APPROVED,2020-12-22 21:23:28.918000,2020-12-22 21:33:04.026000,575.1080000000001,19.0,77,1,98,2020-12-23 19:12:42.641000,5CDB1520,United States,United States,DATA EXPIRED,Spanish,United States,Female,DATA EXPIRED,wb43bda1
82,5fe263dfeed16de30bc82356,REDACTED,APPROVED,2020-12-22 21:23:46.602000,2020-12-22 21:39:34.619000,948.0169999999999,29.0,645,0,100,2020-12-23 19:12:46.016000,5CDB1520,United States,United States,Unemployed (and job seeking),English,United States,Male,No,w00e45aa
83,5fe263ea8f6210de1cb7b73c,REDACTED,APPROVED,2020-12-22 21:23:54.088000,2020-12-22 21:46:19.264000,1345.1760000000002,49.0,281,5,97,2020-12-23 19:12:50.121000,5CDB1520,United States,United States,DATA EXPIRED,English,United States,Male,DATA EXPIRED,w1ef64ad
84,5fe263f4ad8fbae3d0cbbe33,REDACTED,APPROVED,2020-12-22 21:24:07.724000,2020-12-22 21:51:55.184000,1667.46,19.0,466,6,98,2020-12-23 19:12:54.364000,5CDB1520,United States,Netherlands,DATA EXPIRED,Spanish,United States,Male,Yes,w05d02a2
85,5fe26418c2bdebe2b43ca12f,REDACTED,RETURNED,2020-12-22 21:25:12.017000,,34651160.896084,,714,0,100,,,CONSENT REVOKED,CONSENT REVOKED,CONSENT REVOKED,CONSENT REVOKED,CONSENT REVOKED,CONSENT REVOKED,CONSENT REVOKED,w9fb2440
86,5fe2641ccb7697e29ba2c56d,REDACTED,RETURNED,2020-12-22 21:24:46.301000,,34651186.63686,39.0,909,3,100,,,CONSENT REVOKED,CONSENT REVOKED,CONSENT REVOKED,CONSENT REVOKED,CONSENT REVOKED,CONSENT REVOKED,CONSENT REVOKED,w2534f27
87,5fe26423ad8fbae3d0cbbe34,REDACTED,APPROVED,2020-12-22 21:24:55.815000,2020-12-22 21:50:09.300000,1513.485,34.0,434,4,98,2020-12-23 19:12:57.908000,5CDB1520,United States,United States,DATA EXPIRED,English,United States,Female,DATA EXPIRED,we09d83d
88,5fe2643c247470e30be4e230,REDACTED,RETURNED,2020-12-22 21:26:43.327000,,34651069.638054,35.0,32,0,100,,,CONSENT REVOKED,CONSENT REVOKED,CONSENT REVOKED,CONSENT REVOKED,CONSENT REVOKED,CONSENT REVOKED,CONSENT REVOKED,we52cc6b
89,5fe2643efdb6e6e323a1e2c7,REDACTED,RETURNED,2020-12-22 21:25:18.655000,,34651154.334047996,46.0,27,0,100,,,CONSENT REVOKED,CONSENT REVOKED,CONSENT REVOKED,CONSENT REVOKED,CONSENT REVOKED,CONSENT REVOKED,CONSENT REVOKED,w70a4050
90,5fe2644646872edd0d5eea21,REDACTED,RETURNED,2020-12-22 21:35:26.060000,,34650546.947264,43.0,29,0,100,,,CONSENT REVOKED,CONSENT REVOKED,CONSENT REVOKED,CONSENT REVOKED,CONSENT REVOKED,CONSENT REVOKED,CONSENT REVOKED,w568da52
91,5fe2645a116bbfdde3197777,REDACTED,APPROVED,2020-12-22 21:25:55.187000,2020-12-22 21:37:58.950000,723.763,22.0,232,0,100,2020-12-23 19:13:01.580000,5CDB1520,United States,United States,DATA EXPIRED,English,United States,Male,DATA EXPIRED,w8b2b0b1
92,5fe2645e657659de0d8e8247,REDACTED,APPROVED,2020-12-22 21:25:55.860000,2020-12-22 21:52:33.757000,1597.8970000000002,19.0,55,0,100,2020-12-23 19:13:05.273000,5CDB1520,Philippines,United States,Part-Time,English,United States,Male,Yes,w4f00b68
93,5fe2645edd8cf1dd2f769420,REDACTED,APPROVED,2020-12-22 21:25:54.152000,2020-12-22 21:39:10.113000,795.961,21.0,133,0,100,2020-12-23 19:13:08.410000,5CDB1520,United States,United States,DATA EXPIRED,English,United States,Male,DATA EXPIRED,w716d402
94,5fe26471a5df2de3c9c7ed3f,REDACTED,APPROVED,2020-12-22 21:26:12.305000,2020-12-22 21:47:16.493000,1264.188,22.0,58,1,98,2020-12-23 19:13:11.651000,5CDB1520,United States,United States,DATA EXPIRED,English,United States,Male,DATA EXPIRED,wfff12ed
95,5fe2647ec2bdebe329188a07,REDACTED,APPROVED,2020-12-22 21:26:38.501000,2020-12-22 21:40:17.889000,819.388,70.0,271,5,96,2020-12-23 19:13:14.907000,5CDB152,United States,United States,"Not in paid work (e.g. homemaker', 'retired or disabled)",English,United States,Male,No,w9d7705a
96,5fe2648f197628e3a3ecfa48,REDACTED,TIMED-OUT,2020-12-22 21:26:43.334000,,34651069.763028,45.0,709,3,100,,,United States,United States,DATA EXPIRED,English,United States,Male,DATA EXPIRED,w038244b
97,5fe26493afc8a56186a3448b,REDACTED,APPROVED,2020-12-22 21:33:43.129000,2020-12-22 21:49:33.952000,950.823,46.0,31,1,94,2020-12-23 19:13:18.315000,5CDB1520,United States,United States,DATA EXPIRED,DATA EXPIRED,United States,Male,DATA EXPIRED,w314de3c
98,5fe26496a4feb0e30e5ac515,REDACTED,RETURNED,2020-12-22 21:28:50.561000,,34650942.566772,44.0,44,3,88,,,CONSENT REVOKED,CONSENT REVOKED,CONSENT REVOKED,CONSENT REVOKED,CONSENT REVOKED,CONSENT REVOKED,CONSENT REVOKED,wcd23e2c
99,5fe2649c197628e2b87218e1,REDACTED,APPROVED,2020-12-22 21:26:55.096000,2020-12-22 21:33:09.076000,373.98,21.0,654,14,95,2020-12-22 22:02:22.965000,NOCODE,United States,Poland,Unemployed (and job seeking),DATA EXPIRED,United States,Male,No,wb80b538
100,5fe264b2539a38e3939484a9,REDACTED,APPROVED,2020-12-22 21:29:24.261000,2020-12-22 22:01:28.580000,1924.319,44.0,46,1,97,2020-12-23 19:13:21.518000,5CDB1520,DATA EXPIRED,United States,DATA EXPIRED,DATA EXPIRED,United States,Male,DATA EXPIRED,w1f53689
101,5fe264c38f6210dda43fdca4,REDACTED,APPROVED,2020-12-22 21:27:31.941000,2020-12-22 21:42:06.065000,874.1239999999999,68.0,781,4,100,2020-12-23 19:13:24.136000,5CDB1520,United States,United States,DATA EXPIRED,English,United States,Female,DATA EXPIRED,wd9501e4
102,5fe264c50a5e7fe4703a9e28,REDACTED,APPROVED,2020-12-22 21:28:52.053000,2020-12-22 21:39:28.742000,636.689,49.0,723,3,99,2020-12-23 19:13:29.221000,5CDB1520,United States,United States,DATA EXPIRED,English,United States,Female,DATA EXPIRED,wc0fa1ce
103,5fe264c86079e1dd9a255f63,REDACTED,APPROVED,2020-12-22 21:27:51.574000,2020-12-22 21:58:15.683000,1824.109,31.0,376,5,98,2020-12-23 19:13:33.777000,5CDB1520,United States,United States,Unemployed (and job seeking),English,United States,Female,Yes,w95fc013
104,5fe264d3e708b1617d9b7fda,REDACTED,RETURNED,2020-12-22 21:27:52.992000,,34651000.226726,50.0,789,1,100,,,CONSENT REVOKED,CONSENT REVOKED,CONSENT REVOKED,CONSENT REVOKED,CONSENT REVOKED,CONSENT REVOKED,CONSENT REVOKED,w79798a4
105,5fe264d9d92c4a621c05009d,REDACTED,APPROVED,2020-12-22 21:27:58.062000,2020-12-22 21:52:35.187000,1477.125,19.0,537,0,100,2020-12-23 19:13:37.736000,5CDB1520,United States,United States,Unemployed (and job seeking),English,United States,Female,Yes,we6987b6
106,5fe264dfc3fd056307da3b96,REDACTED,APPROVED,2020-12-22 21:29:29.912000,2020-12-22 21:52:39.552000,1389.64,,300,0,100,2020-12-23 19:13:41.305000,5CDB1520,DATA EXPIRED,DATA EXPIRED,DATA EXPIRED,DATA EXPIRED,DATA EXPIRED,DATA EXPIRED,DATA EXPIRED,wecb3f9d
107,5fe264e73ce806e3354f96e8,REDACTED,APPROVED,2020-12-22 21:28:10.251000,2020-12-22 21:54:46.173000,1595.922,30.0,1465,2,100,2020-12-23 19:13:45.262000,5CDB1520,United States,United States,Full-Time,English,United States,Male,No,w129e875
108,5fe264f9c299b8e20ddc3395,REDACTED,APPROVED,2020-12-22 21:28:25.657000,2020-12-22 21:36:38.541000,492.884,43.0,241,2,100,2020-12-23 19:13:50.856000,5CDB1520,United States,United States,DATA EXPIRED,DATA EXPIRED,United States,Male,DATA EXPIRED,w6cd78ac
109,5fe264fddfad15e3081af804,REDACTED,APPROVED,2020-12-22 21:28:34.328000,2020-12-22 21:42:11.722000,817.3939999999999,31.0,941,1,100,2020-12-23 19:13:54.331000,5CDB1520,Peru,United States,Full-Time,Spanish,United States,Female,No,w88d262b
110,5fe26503cc8c25619a075e40,REDACTED,APPROVED,2020-12-22 21:36:43.646000,2020-12-22 22:17:42.303000,2458.657,25.0,1577,8,99,2020-12-23 19:13:59.315000,5CDB1520,United States,United States,Unemployed (and job seeking),English,United States,Male,No,w58ea040
111,5fe2650d0ad48be3d7b722fe,REDACTED,RETURNED,2020-12-22 21:28:50.293000,,34650943.026678994,26.0,65,2,97,,,CONSENT REVOKED,CONSENT REVOKED,CONSENT REVOKED,CONSENT REVOKED,CONSENT REVOKED,CONSENT REVOKED,CONSENT REVOKED,wdb36369
112,5fe26513bbdf7fe1f521e9d1,REDACTED,APPROVED,2020-12-22 21:29:00.319000,2020-12-22 22:08:09.194000,2348.875,64.0,886,6,99,2020-12-23 19:14:05.278000,5CDB1520,United States,United States,DATA EXPIRED,English,United States,Male,DATA EXPIRED,w736b3d8
113,5fe265190ad48be364ecbab7,REDACTED,APPROVED,2020-12-22 21:28:57.616000,2020-12-22 21:50:41.009000,1303.393,25.0,567,0,100,2020-12-23 19:14:09.150000,5CDB1520,United States,United States,Part-Time,English,United States,Female,No,wc721116
114,5fe26526f314ef61b9dba32b,REDACTED,APPROVED,2020-12-22 21:29:13.573000,2020-12-22 21:43:33.501000,859.928,34.0,249,1,100,2020-12-23 19:14:13.219000,5CDB1520,Korea,United States,Full-Time,English,United States,Male,No,w6a8ade1
115,5fe26528197628e3a3ecfa4a,REDACTED,APPROVED,2020-12-22 21:29:12.009000,2020-12-22 21:46:17.616000,1025.607,,175,4,96,2020-12-23 19:14:16.808000,5CDB1520,DATA EXPIRED,DATA EXPIRED,DATA EXPIRED,DATA EXPIRED,DATA EXPIRED,DATA EXPIRED,DATA EXPIRED,w91f863b
116,5fe2652a9bca6fdd345e80d0,REDACTED,APPROVED,2020-12-22 21:29:25.805000,2020-12-22 21:44:14.399000,888.5939999999999,35.0,603,4,100,2020-12-23 19:14:20.500000,5CDB1520,United States,United States,Full-Time,English,United States,Male,No,wc12e7d9
117,5fe26532d1340ce3c7512e25,REDACTED,APPROVED,2020-12-22 21:29:22.302000,2020-12-22 22:02:32.018000,1989.7160000000001,25.0,41,1,99,2020-12-23 19:14:24.745000,5CDB1520,United States,United States,DATA EXPIRED,English,United States,Female,DATA EXPIRED,w599b0df
118,5fe26533520dd1e3cebfc9fe,REDACTED,APPROVED,2020-12-22 21:29:22.994000,2020-12-22 22:04:29.931000,2106.937,29.0,236,1,100,2020-12-23 19:14:27.987000,5CDB1520,United States,United States,DATA EXPIRED,DATA EXPIRED,United States,Female,DATA EXPIRED,wfbcc2b3
119,5fe2653b509c7e62852ba9fa,REDACTED,APPROVED,2020-12-22 21:29:38.142000,2020-12-22 21:50:48.157000,1270.015,57.0,1063,4,100,2020-12-23 19:14:31.673000,5CDB1520,United States,United States,Other,English,United States,Male,No,w0d096df
120,5fe26550c9707ddf465b63f3,REDACTED,RETURNED,2020-12-22 21:30:08.578000,,34650864.883235,40.0,349,0,100,,,CONSENT REVOKED,CONSENT REVOKED,CONSENT REVOKED,CONSENT REVOKED,CONSENT REVOKED,CONSENT REVOKED,CONSENT REVOKED,wfac45ba
121,5fe265673ce806e49d1a7c3b,REDACTED,APPROVED,2020-12-22 21:30:20.145000,2020-12-22 21:40:21.694000,601.549,32.0,920,3,100,2020-12-23 19:14:36.721000,5CDB1520,United States,United States,Full-Time,English,United States,Female,No,w6e2660d
122,5fe265a170d17462dfc2deaf,REDACTED,APPROVED,2020-12-22 21:31:16.162000,2020-12-22 21:48:17.460000,1021.298,29.0,485,3,99,2020-12-23 19:14:41.438000,5CDB1520,United States,United States,DATA EXPIRED,DATA EXPIRED,United States,Female,DATA EXPIRED,w1fcf7cc
123,5fe265a343c578e3d45a5d0f,REDACTED,RETURNED,2020-12-22 21:31:15.141000,,34650798.374537,44.0,1215,6,99,,,CONSENT REVOKED,CONSENT REVOKED,CONSENT REVOKED,CONSENT REVOKED,CONSENT REVOKED,CONSENT REVOKED,CONSENT REVOKED,we8a2014
124,5fe265d85312cae3108a0c73,REDACTED,APPROVED,2020-12-22 21:32:13.249000,2020-12-22 22:16:00.367000,2627.118,56.0,1124,6,99,2020-12-23 19:14:45.390000,5CDB1520,India,United States,Full-Time,Hindi,United States,Female,No,wdd62e4d
125,5fe265f1247470e30be4e23b,REDACTED,APPROVED,2020-12-22 21:32:36.250000,2020-12-22 21:43:55.843000,679.5930000000001,41.0,2025,9,99,2020-12-23 19:14:48.680000,5CDB1520,United States,United States,Full-Time,English,United States,Male,No,w08abe73
126,5fe266f8b5d1fce35a56aae4,REDACTED,APPROVED,2020-12-22 21:37:04.814000,2020-12-22 21:54:45.894000,1061.08,28.0,575,0,100,2020-12-23 19:14:56.038000,5CDB1520,United States,United States,Other,English,United States,Female,No,w633c63c
127,5fe268299bf07dddb9ef49c9,REDACTED,APPROVED,2020-12-22 21:42:03.550000,2020-12-22 21:51:33.644000,570.094,20.0,299,0,100,2020-12-23 19:14:59.560000,5CDB1520,United States,United States,DATA EXPIRED,Russian,United States,Male,DATA EXPIRED,w58f9907
128,5fe26c241d6cb4e57e240aa7,REDACTED,APPROVED,2020-12-22 21:59:14.909000,2020-12-22 22:10:47.362000,692.453,49.0,51,0,100,2020-12-23 19:15:02.884000,5CDB1520,DATA EXPIRED,United States,DATA EXPIRED,DATA EXPIRED,United States,Male,DATA EXPIRED,w10eea1e
129,5fe26ca7e14422dea397ae43,REDACTED,APPROVED,2020-12-22 22:02:57.321000,2020-12-22 22:16:02.381000,785.06,38.0,377,3,100,2020-12-23 19:15:06.226000,5CDB1520,United States,United States,DATA EXPIRED,English,United States,Male,DATA EXPIRED,wdb53458
130,5fe26cafcb429d628a590a77,REDACTED,APPROVED,2020-12-22 22:01:19.123000,2020-12-22 22:12:59.796000,700.673,21.0,238,2,99,2020-12-23 19:15:09.609000,5CDB1520,United States,Poland,Part-Time,Polish,United States,Male,Yes,w001225a
131,5fe26cb4c39215e50f366660,REDACTED,APPROVED,2020-12-22 22:02:05.973000,2020-12-22 22:18:13.549000,967.576,25.0,271,1,100,2020-12-23 19:15:13.331000,5CDB1520,DATA EXPIRED,Ireland,Full-Time,English,United States,Male,Yes,w95fd3f3
132,5fe26cebbf7c82e410141b99,REDACTED,RETURNED,2020-12-22 22:02:32.289000,,34648921.368218,58.0,1012,0,100,,,CONSENT REVOKED,CONSENT REVOKED,CONSENT REVOKED,CONSENT REVOKED,CONSENT REVOKED,CONSENT REVOKED,CONSENT REVOKED,wd3cbd6e
133,5fe26d3cfd62fbe0c592b293,REDACTED,APPROVED,2020-12-22 22:03:50.405000,2020-12-22 22:16:42.334000,771.929,26.0,1455,2,100,2020-12-23 19:15:16.671000,5CDB1520,United States,United States,Full-Time,English,United States,Male,No,w02b14d3
134,5fe26fce99e7cfe56128a7d2,REDACTED,APPROVED,2020-12-22 22:14:40.551000,2020-12-22 22:34:33.193000,1192.642,22.0,324,1,100,2020-12-23 19:15:21.898000,5CDB1520,United States,Mexico,Part-Time,Spanish,United States,Female,Yes,wbf06556
135,5fe26ff4cb7697e4e8784d17,REDACTED,APPROVED,2020-12-22 22:15:40.587000,2020-12-22 22:28:07.402000,746.815,,297,2,99,2020-12-23 19:15:25.767000,5CDB1520,DATA EXPIRED,DATA EXPIRED,DATA EXPIRED,DATA EXPIRED,DATA EXPIRED,DATA EXPIRED,DATA EXPIRED,w937a7d7
136,5fe2736ac274b3e613d8388b,REDACTED,RETURNED,2020-12-22 22:35:03.534000,,34646970.185233004,48.0,35,2,95,,,CONSENT REVOKED,CONSENT REVOKED,CONSENT REVOKED,CONSENT REVOKED,CONSENT REVOKED,CONSENT REVOKED,CONSENT REVOKED,w11d81a0
137,5fe2750eb5d1fce6269d8be5,REDACTED,APPROVED,2020-12-22 22:38:17.117000,2020-12-22 22:52:40.215000,863.0980000000001,33.0,828,4,100,2020-12-23 19:15:32.410000,5CDB1520,United States,United States,Full-Time,Hindi,United States,Female,DATA EXPIRED,w1ac5f15
138,5fe29b7ca60b5beb1e4b478e,REDACTED,APPROVED,2020-12-23 01:21:10.299000,2020-12-23 01:37:51.479000,1001.18,,122,2,99,2020-12-23 19:15:37.083000,5CDB1520,DATA EXPIRED,DATA EXPIRED,DATA EXPIRED,DATA EXPIRED,DATA EXPIRED,DATA EXPIRED,DATA EXPIRED,w8175901
139,5fe29b82fdb6e6ec1fdbb49d,REDACTED,APPROVED,2020-12-23 01:21:06.123000,2020-12-23 01:33:42.518000,756.395,40.0,592,0,100,2020-12-23 19:15:41.054000,5CDB1520,United States,United States,Full-Time,English,United States,Male,No,w91d45cb
